metric,gemma-4-E4B-it,gemma-4-26B-A4B-it,gemma-4-31b
deceptive_efficacy,-0.030340059790732437,-0.11553333333333334,-0.1665529595015576
spatial_dispersion,0.29035874439461884,0.26976744186046514,0.2967289719626168
alibi_corroboration,0.3917182716785188,0.4075235745419344,0.4066170718545056
alibi_grounding,0.5351869106473395,0.5804557198832812,0.5698311552439105
social_influence,0.12200361488223416,0.22019945355404894,0.408640228048014
belief_volatility,0.0701008531040653,0.08418473183403283,0.09216012781605586
faction_consensus,0.2767313522266631,0.18167470104954433,0.12171407294565215
objective_viability,0.6569838512227828,0.5402265658201062,0.5136902028972591
