metric,deepseek-r1-distill-llama-8B,deepseek-r1-distill-qwen-32b
deceptive_efficacy,-0.004833945980707398,-0.05759947183098592
spatial_dispersion,0.26366559485530544,0.22975352112676056
alibi_corroboration,0.4167558771602,0.4124546325593703
alibi_grounding,0.4667471684534176,0.5653830323741762
social_influence,0.11220081941731852,0.18988812753161394
belief_volatility,0.11544931601631689,0.10685364416996046
faction_consensus,0.3425978381945698,0.22148414171005507
objective_viability,0.671916418702567,0.5707081212637874
