metric,deepseek-r1-distill-qwen-32b,gemma-4-26B-A4B-it,gemma-4-31b,qwen3-32b,llama-3.3-70b
deceptive_efficacy,-0.05759947183098592,-0.11553333333333334,-0.1665529595015576,-0.06242093023255814,-0.07339423076923075
spatial_dispersion,0.22975352112676056,0.26976744186046514,0.2967289719626168,0.32558139534883723,0.2826923076923077
alibi_corroboration,0.4124546325593703,0.4075235745419344,0.4066170718545056,0.41511812468158754,0.38071886438505076
alibi_grounding,0.5653830323741762,0.5804557198832812,0.5698311552439105,0.5424455517524236,0.5703754577567428
social_influence,0.18988812753161394,0.22019945355404894,0.408640228048014,0.14248050253260844,0.09726432484010256
belief_volatility,0.10685364416996046,0.08418473183403283,0.09216012781605586,0.13229828928804546,0.09257760131776786
faction_consensus,0.22148414171005507,0.18167470104954433,0.12171407294565215,0.2017591361463081,0.2429274489170574
objective_viability,0.5707081212637874,0.5402265658201062,0.5136902028972591,0.5662091249817187,0.5873716437881736
